# Pre-Requsites
# Assuming Candidates are familiar with “Group by” and “Grouping functions” because these are used along with JOINS in the questionnaire. 

# Create below DB objects 
use Bank;
CREATE TABLE BANK_CUSTOMER ( customer_id INT ,
             	customer_name VARCHAR(20),
             	Address 	VARCHAR(20),
             	state_code  VARCHAR(3) ,    	 
             	Telephone   VARCHAR(10)	);
INSERT INTO BANK_CUSTOMER VALUES (123001,"Oliver", "225-5, Emeryville", "CA" , "1897614500");
INSERT INTO BANK_CUSTOMER VALUES (123002,"George", "194-6,New brighton","MN" , "1897617000");
INSERT INTO BANK_CUSTOMER VALUES (123003,"Harry", "2909-5,walnut creek","CA" , "1897617866");
INSERT INTO BANK_CUSTOMER VALUES (123004,"Jack", "229-5, Concord",  	"CA" , "1897627999");
INSERT INTO BANK_CUSTOMER VALUES (123005,"Jacob", "325-7, Mission Dist","SFO", "1897637000");
INSERT INTO BANK_CUSTOMER VALUES (123006,"Noah", "275-9, saint-paul" ,  "MN" , "1897613200");
INSERT INTO BANK_CUSTOMER VALUES (123007,"Charlie","125-1,Richfield",   "MN" , "1897617666");
INSERT INTO BANK_CUSTOMER VALUES (123008,"Robin","3005-1,Heathrow", 	"NY" , "1897614000");

# CREATE Bank_Account Table:
# Create Table
CREATE TABLE BANK_ACCOUNT ( Customer_id INT, 		   			  
	                Account_Number VARCHAR(19),
		     Account_type VARCHAR(25),
		     Balance_amount INT ,
			Account_status VARCHAR(10), Relationship varchar(1) ) ;
# Insert records:
INSERT INTO BANK_ACCOUNT  VALUES (123001, "4000-1956-3456",  "SAVINGS"            , 200000 ,"ACTIVE","P"); 
INSERT INTO BANK_ACCOUNT  VALUES (123001, "5000-1700-3456",  "RECURRING DEPOSITS" ,9400000 ,"ACTIVE","S");  
INSERT INTO BANK_ACCOUNT  VALUES (123002, "4000-1956-2001",  "SAVINGS"            , 400000 ,"ACTIVE","P"); 
INSERT INTO BANK_ACCOUNT  VALUES (123002, "5000-1700-5001",  "RECURRING DEPOSITS" ,7500000 ,"ACTIVE","S"); 
INSERT INTO BANK_ACCOUNT  VALUES (123003, "4000-1956-2900",  "SAVINGS"            ,750000,"INACTIVE","P"); 
INSERT INTO BANK_ACCOUNT  VALUES (123004, "5000-1700-6091",  "RECURRING DEPOSITS" ,7500000 ,"ACTIVE","S"); 
INSERT INTO BANK_ACCOUNT  VALUES (123004, "4000-1956-3401",  "SAVINGS"            , 655000 ,"ACTIVE","P"); 
INSERT INTO BANK_ACCOUNT  VALUES (123005, "4000-1956-5102",  "SAVINGS"            , 300000 ,"ACTIVE","P"); 
INSERT INTO BANK_ACCOUNT  VALUES (123006, "4000-1956-5698",  "SAVINGS"            , 455000 ,"ACTIVE" ,"P"); 
INSERT INTO BANK_ACCOUNT  VALUES (123007, "5000-1700-9800",  "SAVINGS"            , 355000 ,"ACTIVE" ,"P"); 
INSERT INTO BANK_ACCOUNT  VALUES (123007, "4000-1956-9977",  "RECURRING DEPOSITS" , 7025000,"ACTIVE" ,"S"); 
INSERT INTO BANK_ACCOUNT  VALUES (123007, "9000-1700-7777-4321",  "CREDITCARD"    ,0      ,"INACTIVE","P"); 
INSERT INTO BANK_ACCOUNT  VALUES (123008, "5000-1700-7755",  "SAVINGS"            ,NULL   ,"INACTIVE","P"); 




# CREATE TABLE Bank_Account_Relationship_Details

CREATE TABLE Bank_Account_Relationship_Details
                             	( Customer_id INT,
								Account_Number VARCHAR(19),
                            	Account_type VARCHAR(25),
                             	Linking_Account_Number VARCHAR(19));
INSERT INTO Bank_Account_Relationship_Details  VALUES (123001, "4000-1956-3456",  "SAVINGS" , "");
INSERT INTO Bank_Account_Relationship_Details  VALUES (123001, "5000-1700-3456",  "RECURRING DEPOSITS" , "4000-1956-3456");  
INSERT INTO Bank_Account_Relationship_Details  VALUES (123002, "4000-1956-2001",  "SAVINGS" , "" );
INSERT INTO Bank_Account_Relationship_Details  VALUES (123002, "5000-1700-5001",  "RECURRING DEPOSITS" , "4000-1956-2001" );
INSERT INTO Bank_Account_Relationship_Details  VALUES (123003, "4000-1956-2900",  "SAVINGS" , "" );
INSERT INTO Bank_Account_Relationship_Details  VALUES (123004, "5000-1700-6091",  "RECURRING DEPOSITS" , "4000-1956-2900" );
INSERT INTO Bank_Account_Relationship_Details  VALUES (123004, "5000-1700-7791",  "RECURRING DEPOSITS" , "4000-1956-2900" );
INSERT INTO Bank_Account_Relationship_Details  VALUES (123007, "5000-1700-9800",  "SAVINGS" , "" );
INSERT INTO Bank_Account_Relationship_Details  VALUES (123007, "4000-1956-9977",  "RECURRING DEPOSITS" , "5000-1700-9800" );
INSERT INTO Bank_Account_Relationship_Details  VALUES (NULL, "9000-1700-7777-4321",  "Credit Card" , "5000-1700-9800" );
INSERT INTO Bank_Account_Relationship_Details  VALUES (NULL, '5900-1900-9877-5543', 'Add-on Credit Card', '9000-1700-7777-4321' );
INSERT INTO Bank_Account_Relationship_Details  VALUES (NULL, '5800-1700-9800-7755', 'Credit Card', '4000-1956-5698' );
INSERT INTO Bank_Account_Relationship_Details  VALUES (NULL, '5890-1970-7706-8912', 'Add-on Credit Card', '5800-1700-9800-7755' );



# CREATE TABLE BANK_ACCOUNT_TRANSACTION

CREATE TABLE BANK_ACCOUNT_TRANSACTION (  
              	Account_Number VARCHAR(19),
              	Transaction_amount Decimal(18,2) ,
              	Transcation_channel VARCHAR(18) ,
             	Province varchar(3) ,
             	Transaction_Date Date) ;


INSERT INTO BANK_ACCOUNT_TRANSACTION VALUES ( "4000-1956-3456",  -2000, "ATM withdrawl" , "CA", "2020-01-13");
INSERT INTO BANK_ACCOUNT_TRANSACTION VALUES ( "4000-1956-2001",  -4000, "POS-Walmart"   , "MN", "2020-02-14");
INSERT INTO BANK_ACCOUNT_TRANSACTION VALUES ( "4000-1956-2001",  -1600, "UPI transfer"  , "MN", "2020-01-19");
INSERT INTO BANK_ACCOUNT_TRANSACTION VALUES ( "4000-1956-2001",  -6000, "Bankers cheque", "CA", "2020-03-23");
INSERT INTO BANK_ACCOUNT_TRANSACTION VALUES ( "4000-1956-2001",  -3000, "Net banking"   , "CA", "2020-04-24");
INSERT INTO BANK_ACCOUNT_TRANSACTION VALUES ( "4000-1956-2001",  23000, "cheque deposit", "MN", "2020-03-15");
INSERT INTO BANK_ACCOUNT_TRANSACTION VALUES ( "5000-1700-6091",  40000, "ECS transfer"  , "NY", "2020-02-19");
INSERT INTO BANK_ACCOUNT_TRANSACTION VALUES ( "5000-1700-7791",  40000, "ECS transfer"  , "NY", "2020-02-19");
INSERT INTO BANK_ACCOUNT_TRANSACTION VALUES ( "4000-1956-3401",   8000, "Cash Deposit"  , "NY", "2020-01-19");
INSERT INTO BANK_ACCOUNT_TRANSACTION VALUES ( "4000-1956-5102",  -6500, "ATM withdrawal" , "NY", "2020-03-14");
INSERT INTO BANK_ACCOUNT_TRANSACTION VALUES ( "4000-1956-5698",  -9000, "Cash Deposit"  , "NY", "2020-03-27");
INSERT INTO BANK_ACCOUNT_TRANSACTION VALUES ( "4000-1956-9977",  50000, "ECS transfer"  , "NY", "2020-01-16");
INSERT INTO BANK_ACCOUNT_TRANSACTION VALUES ( "9000-1700-7777-4321",  -5000, "POS-Walmart", "NY", "2020-02-17");
INSERT INTO BANK_ACCOUNT_TRANSACTION VALUES ( "9000-1700-7777-4321",  -8000, "Shopping Cart", "MN", "2020-03-13");
INSERT INTO BANK_ACCOUNT_TRANSACTION VALUES ( "9000-1700-7777-4321",  -2500, "Shopping Cart", "MN", "2020-04-21");
INSERT INTO BANK_ACCOUNT_TRANSACTION VALUES ( "5800-1700-9800-7755", -9000, "POS-Walmart","MN", "2020-04-13");
INSERT INTO BANK_ACCOUNT_TRANSACTION VALUES ( '5890-1970-7706-8912', -11000, "Shopping Cart" , "NY" , "2020-03-12") ;



# CREATE TABLE BANK_CUSTOMER_MESSAGES

CREATE TABLE BANK_CUSTOMER_MESSAGES (  
              	Event VARCHAR(24),
              	Customer_message VARCHAR(75),
              	Notice_delivery_mode VARCHAR(15)) ;


INSERT INTO BANK_CUSTOMER_MESSAGES VALUES ( "Adhoc", "All Banks are closed due to announcement of National strike", "mobile" ) ;
INSERT INTO BANK_CUSTOMER_MESSAGES VALUES ( "Transaction Limit", "Only limited withdrawals per card are allowed from ATM machines", "mobile" );
INSERT INTO `bank_account_transaction`(`Account_Number`, `Transaction_amount`, `Transcation_channel`, `Province`, `Transaction_Date`) VALUES
('4000-1956-9977' ,    10000.00     ,'ECS transfer',     'MN' ,    '2020-02-16' ) ;

-- inserted for queries after 17th  
INSERT INTO `bank_account_transaction`(`Account_Number`, `Transaction_amount`, `Transcation_channel`, `Province`, `Transaction_Date`) VALUES
('4000-1956-9977' ,    40000.00     ,'ECS transfer',     'MN' ,    '2020-03-18' ) ;

INSERT INTO `bank_account_transaction`(`Account_Number`, `Transaction_amount`, `Transcation_channel`, `Province`, `Transaction_Date`) VALUES
('4000-1956-9977' ,    60000.00     ,'ECS transfer',     'MN' ,    '2020-04-18' ) ;

INSERT INTO `bank_account_transaction`(`Account_Number`, `Transaction_amount`, `Transcation_channel`, `Province`, `Transaction_Date`) VALUES
('4000-1956-9977' ,    20000.00     ,'ECS transfer',     'MN' ,    '2020-03-20' ) ;

-- inserted for queries after 24th 

INSERT INTO `bank_account_transaction`(`Account_Number`, `Transaction_amount`, `Transcation_channel`, `Province`, `Transaction_Date`) VALUES
('4000-1956-9977' ,    49000.00     ,'ECS transfer',     'MN' ,    '2020-06-18' ) ;






# Bank_holidays:

Insert into bank_holidays values( '2020-05-20', now(), now() ) ;

Insert into bank_holidays values( '2020-03-13' , now(), now() ) ;


use bank;
############################################ Questions ############################################
# Question 1:
# 1) Print customer Id, customer name and average account_balance maintained by each customer for all 
# of his/her accounts in the bank.
select b.customer_id,customer_name,avg(balance_amount) from bank_account b join bank_customer c on b.customer_id=c.customer_id group by 1,2;
# Question 2:
# 2) Print customer_id , account_number and balance_amount , 
# condition that if balance_amount is nil(0) then assign transaction_amount  for account_type = "Credit Card"
select b.customer_id,b.account_number,ifnull(balance_amount,transaction_amount) 
from bank_account b join bank_account_transaction t  on t.account_number=b.account_number where account_type = 'CreditCard';
# Question 3:
# 3) Print account_number and balance_amount , transaction_amount,Transaction_Date from Bank_Account_Details and 
# bank_account_transaction for all the transactions occurred during march,2020 and april, 2020
select b.account_number,balance_amount,transaction_amount,transaction_date from bank_account b join bank_account_transaction t on
b.account_number=t.account_number 
where month(transaction_date) in (3,4) and year(transaction_date)=2020;

select * from bank_account_transaction; -- 4000-1956-2001
select * from bank_account;-- 4000-1956-2001

# Question 4:
# 4) Print all of the customer id, account number,  balance_amount, transaction_amount , Transaction_Date 
# from bank_customer, Bank_Account and bank_account_transaction tables where excluding 
# all of their transactions in march, 2020  month 
select c.customer_id, a.account_number,  a.balance_amount, transaction_amount , Transaction_Date 
from bank_customer c join Bank_Account a on c.customer_id=a.customer_id 
join bank_account_transaction t
on t.account_number=a.account_number where  month(transaction_date)!= 3 ;
select * from bank_account;
select * from bank_account_transaction;
# Question 5:
# 5) Print account_number, Event and Customer_message from BANK_CUSTOMER_MESSAGES and Bank_Account_Details to 
# display an “Adhoc" Event for all customers who have  “SAVINGS" account_type account.
Select a.account_number,c.customer_message,c.event 
from bank_customer_messages c 
cross join bank_account a  
where a.account_type='Savings' and c.event='Adhoc';


# Question 6:
# 6) Print all Customer_id, Account_Number, Account_type, and display deducted balance_amount by  
# subtracting only negative transaction_amounts for Relationship_type =
#  "P" ( P - means  Primary , S - means Secondary ) .
SELECT b.customer_id, b.account_number, b.account_type, 
       SUM(CASE WHEN t.transaction_amount < 0 THEN b.balance_amount-(-t.transaction_amount) ELSE 0 END) AS deducted_balance
FROM BANK_ACCOUNT b
JOIN BANK_ACCOUNT_TRANSACTION t ON b.account_number = t.account_number
WHERE b.Relationship = 'P'
GROUP BY b.customer_id, b.account_number, b.account_type;
# Question 7:
# a) Display records of All Accounts , their Account_types, the transaction amount.
# b) Along with first step, Display other columns with corresponding linking account number, account types of linking account
select *,account_type,transaction_amount from bank_account a join bank_account_transaction t on a.account_number=t.account_number; 
select *,r.account_type,transaction_amount ,r.linking_account_number
from bank_account a 
join bank_account_transaction t 
on a.account_number=t.account_number
join bank_account_relationship_details r
on a.account_number=r.linking_account_number; 

# Question 8:
# 8) Display every account's total no of transactions for every year and each month.
SELECT 
  b.account_number,
  YEAR(t.Transaction_Date) AS transaction_year,
  MONTH(t.Transaction_Date) AS transaction_month,
  COUNT(*) AS total_transactions
FROM BANK_ACCOUNT b
JOIN BANK_ACCOUNT_TRANSACTION t ON b.account_number = t.account_number
GROUP BY b.account_number, transaction_year, transaction_month;


# Question 9:
# 9) Find the no. of transactions of credit cards and  add-on Credit Cards
select count(distinct transaction_amount) from bank_account a join bank_account_transaction t on a.account_number=t.account_number
 where account_type like '%credit%';
# Question 10:
# 10) Display the information of recurring accounts like -> account number, customer id, name od customer and transaction details if any
SELECT 
  b.account_number,
  c.customer_id,
  c.customer_name,
  t.transaction_amount,
  t.Transaction_Date
FROM BANK_ACCOUNT b
JOIN BANK_CUSTOMER c ON b.customer_id = c.customer_id
LEFT JOIN BANK_ACCOUNT_TRANSACTION t ON b.account_number = t.account_number
WHERE b.account_type = 'RECURRING DEPOSITS';
 